user_id,created_at,age,gender,geography,language,lifeChallenge,last_ad_intent
bob,2024-01-01,35-44,m,US,en,sleep,lockscreen
alice,2024-01-31,25-34,f,US,en,faith,widget
charlie,2024-03-01,18-24,m,MX,es,anxiety,dailyverse
u_6f37326149e5,2024-01-27,45-54,f,US,en,anxiety,lockscreen
u_c5214623f0d6,2024-02-20,18-24,f,US,en,grief,generic
u_2c255d943663,2024-04-18,25-34,m,US,en,sleep,dailyverse
u_1089971b6081,2024-03-29,13-17,f,US,en,grief,dailyverse
u_f08cc374362c,2024-06-09,45-54,m,US,en,purpose,dailyverse
u_ddca4ed0f4dc,2024-02-29,35-44,f,GB,en,relationships,lockscreen
u_3d9547d992d1,2024-03-09,45-54,m,US,en,grief,lockscreen
u_d91667b681f5,2024-06-12,55+,f,GB,en,anxiety,widget
u_80cbb74ab85c,2024-02-24,18-24,f,US,en,relationships,dailyverse
u_34090472fe18,2024-05-23,55+,f,US,en,grief,dailyverse
u_42e840ac8042,2024-01-24,13-17,m,MX,es,purpose,lockscreen
u_59a60ab51702,2024-06-01,45-54,f,US,en,grief,generic
u_6a6f8ccb5fb2,2024-05-17,55+,f,BR,pt,anxiety,dailyverse
u_c99ea609ee09,2024-03-08,45-54,m,DE,de,purpose,widget
u_d2e9b80e3a9a,2024-02-11,45-54,f,US,en,relationships,lockscreen
u_161f5d24c197,2024-03-19,13-17,m,DE,de,grief,widget
u_9581db45490a,2024-05-16,18-24,f,US,en,grief,widget
u_26c9c52242d3,2024-05-18,55+,f,GB,en,relationships,widget
u_67c2992c2042,2024-01-31,18-24,m,MX,es,faith,widget
u_d2f8d03bf66e,2024-06-10,18-24,m,US,en,anxiety,lockscreen
u_c5baa8cb715f,2024-02-24,55+,f,BR,pt,sleep,widget
u_9fd467feb636,2024-04-20,35-44,f,US,en,relationships,dailyverse
u_6619948f9c35,2024-01-16,55+,f,BR,pt,anxiety,generic
u_ce9eb39e1343,2024-03-12,18-24,m,MX,es,relationships,generic
u_d9f052dc84ec,2024-05-18,13-17,m,BR,pt,sleep,lockscreen
u_6287949a44ad,2024-02-12,13-17,f,GB,en,faith,generic
u_647ecb8d1aeb,2024-05-22,18-24,m,BR,pt,faith,generic
u_cc1261f22fb8,2024-03-21,13-17,f,US,en,grief,lockscreen
u_58ac58a145a8,2024-02-17,45-54,m,MX,es,purpose,lockscreen
u_8e91afd75c59,2024-05-28,45-54,m,BR,pt,relationships,lockscreen
u_543d3e527a63,2024-06-20,18-24,f,US,en,relationships,dailyverse
u_b8767d0d51f9,2024-01-19,35-44,m,GB,en,anxiety,lockscreen
u_1b5a95fe5850,2024-01-18,25-34,f,US,en,sleep,widget
u_11b98cb6fd0c,2024-06-16,55+,f,GB,en,purpose,lockscreen
u_d3021b810968,2024-05-21,25-34,f,GB,en,grief,widget
u_0c64a2a3810a,2024-05-09,25-34,m,GB,en,anxiety,generic
u_afaf61f6aacd,2024-02-03,18-24,f,US,en,grief,dailyverse
u_4488398a336e,2024-06-25,45-54,m,GB,en,faith,widget
u_93273512ee68,2024-01-11,18-24,m,US,en,purpose,dailyverse
u_899370609862,2024-06-07,18-24,m,MX,es,sleep,widget
u_2d1660af6a01,2024-04-15,25-34,m,US,en,purpose,widget
u_913299ba2825,2024-04-27,25-34,m,US,en,sleep,dailyverse
u_ef58a8204428,2024-03-12,55+,f,GB,en,purpose,dailyverse
u_b3c739ca4a1a,2024-03-07,45-54,f,US,en,anxiety,widget
u_5ba1be103c8e,2024-06-04,35-44,m,US,en,faith,lockscreen
u_19a5fcda8a42,2024-06-24,25-34,f,DE,de,anxiety,widget
u_0f3c12a1dced,2024-02-01,45-54,f,BR,pt,purpose,dailyverse
u_0c706804bcd0,2024-04-17,55+,m,US,en,grief,generic
u_219a5c6c1b94,2024-02-23,45-54,f,US,en,relationships,generic
u_f6fcb5e252e5,2024-02-13,25-34,f,DE,de,anxiety,lockscreen
u_9f7c43a68b65,2024-02-20,13-17,m,US,en,sleep,widget
u_81a60560bec1,2024-06-10,55+,f,MX,es,relationships,widget
u_052bd7259aed,2024-01-28,18-24,m,GB,en,purpose,generic
u_93c0ee97114e,2024-04-26,35-44,f,DE,de,relationships,widget
u_7a56f02d2404,2024-05-20,18-24,f,DE,de,relationships,generic
u_2dccfa9d6723,2024-05-13,55+,m,DE,de,faith,generic
u_de017bada5f2,2024-05-18,18-24,m,US,en,sleep,lockscreen
u_e58be8768881,2024-03-25,35-44,m,MX,es,sleep,generic
u_e41d8a98eef6,2024-01-06,35-44,m,GB,en,faith,generic
u_caca55d2595d,2024-05-17,35-44,m,DE,de,faith,widget
u_72e280910268,2024-04-13,35-44,m,BR,pt,grief,widget
u_2495664484bd,2024-01-22,18-24,f,BR,pt,sleep,generic
u_d85528cfba03,2024-04-07,35-44,f,US,en,anxiety,dailyverse
u_99c13a1ae33f,2024-02-27,55+,m,GB,en,anxiety,lockscreen
u_464d1e3ebf59,2024-02-02,55+,m,US,en,grief,generic
u_eb047dc445ec,2024-06-04,18-24,f,US,en,anxiety,lockscreen
u_4a903d639d1e,2024-04-06,55+,m,GB,en,anxiety,generic
u_ae16d91f66f1,2024-03-18,45-54,m,BR,pt,faith,lockscreen
u_eb90b1f4ad42,2024-01-04,35-44,m,BR,pt,relationships,generic
u_30764ffc05d7,2024-04-21,55+,f,DE,de,grief,widget
u_a6f310ae74e6,2024-05-31,25-34,m,MX,es,anxiety,dailyverse
u_bb02d96833a5,2024-06-20,25-34,m,BR,pt,relationships,generic
u_cd767468cf2a,2024-03-28,45-54,f,DE,de,grief,dailyverse
u_2bbbf04bad48,2024-05-05,55+,f,DE,de,purpose,widget
u_f1c5e987df49,2024-04-13,25-34,f,US,en,relationships,widget
u_261f48e9f517,2024-03-31,25-34,f,BR,pt,faith,generic
u_988c08cca50b,2024-06-25,18-24,m,DE,de,purpose,widget
u_dcaa82f89f73,2024-03-13,18-24,f,MX,es,sleep,lockscreen
u_11711dcda030,2024-01-12,45-54,f,US,en,purpose,lockscreen
u_230f4b92d1c3,2024-01-04,35-44,f,US,en,relationships,dailyverse
u_290a40f7c233,2024-01-30,35-44,f,GB,en,anxiety,lockscreen
u_b4b62f86391d,2024-03-18,18-24,m,DE,de,grief,lockscreen
u_5606af0e19cf,2024-05-13,35-44,f,US,en,faith,generic
u_2328e1a2f885,2024-06-05,18-24,m,BR,pt,faith,lockscreen
u_225444a4c186,2024-01-01,35-44,f,US,en,faith,generic
u_f7cace83a74f,2024-01-19,25-34,m,GB,en,relationships,widget
u_f5076dc605f9,2024-02-06,13-17,m,US,en,faith,lockscreen
u_4e3bffa7bc7d,2024-04-29,55+,f,MX,es,faith,dailyverse
u_a7417470d67d,2024-04-20,45-54,f,US,en,anxiety,dailyverse
u_c18a4bf995ea,2024-01-06,45-54,m,BR,pt,sleep,dailyverse
u_ec97c376821e,2024-05-29,55+,f,US,en,anxiety,generic
u_e5719ce82829,2024-02-11,35-44,f,US,en,faith,dailyverse
u_c1730d2b07c6,2024-01-23,25-34,f,US,en,anxiety,dailyverse
u_38a34c95f633,2024-06-17,35-44,m,GB,en,sleep,generic
u_5fe2b3cd9f5f,2024-01-14,25-34,m,MX,es,faith,widget
u_8321f848ecb2,2024-06-04,55+,m,GB,en,faith,widget
u_dc0edb4a9d83,2024-01-30,13-17,m,GB,en,relationships,generic
u_9f7fa08e1e09,2024-05-03,18-24,f,MX,es,grief,generic
u_036cc37746d3,2024-02-04,25-34,f,DE,de,faith,lockscreen
u_6d58302bee79,2024-03-17,18-24,f,US,en,grief,generic
u_12ca04015097,2024-03-23,55+,m,US,en,grief,widget
u_19bd9aaacd08,2024-05-01,35-44,m,US,en,relationships,generic
u_e6c63fb2f108,2024-01-26,13-17,f,US,en,anxiety,generic
u_482d24f102c2,2024-04-30,25-34,f,US,en,purpose,dailyverse
u_00a13b7d3b8d,2024-03-22,45-54,m,MX,es,grief,generic
u_cc83dd092574,2024-01-24,13-17,m,GB,en,relationships,generic
u_676cbb4fa5b4,2024-01-15,25-34,f,US,en,relationships,dailyverse
u_02f3f6037ec9,2024-02-13,13-17,f,DE,de,grief,widget
u_965264b6c73a,2024-06-12,35-44,f,US,en,purpose,dailyverse
u_b789afc0f338,2024-02-10,35-44,f,BR,pt,grief,lockscreen
u_b9b1597065d0,2024-03-18,35-44,f,MX,es,anxiety,widget
u_bf713be9b0b5,2024-03-16,55+,f,GB,en,faith,lockscreen
u_a61cbd7d855d,2024-06-04,25-34,m,GB,en,grief,generic
u_ab0074a2ac36,2024-06-17,55+,m,US,en,purpose,widget
u_1d2293748ad4,2024-02-03,25-34,f,BR,pt,purpose,lockscreen
u_86928b89a1c9,2024-04-03,18-24,f,GB,en,relationships,dailyverse
u_77fb5b670d01,2024-04-29,18-24,m,DE,de,purpose,lockscreen
u_9e09afec4b8b,2024-04-03,35-44,m,DE,de,faith,lockscreen
u_5f386203c3fd,2024-05-29,55+,f,BR,pt,anxiety,generic
u_040cae5e7163,2024-03-24,55+,m,GB,en,purpose,widget
u_b2b76a14d2dd,2024-02-05,13-17,f,MX,es,relationships,lockscreen
u_57d21c608051,2024-04-04,45-54,m,US,en,relationships,generic
u_c571a2008553,2024-03-12,55+,f,GB,en,sleep,lockscreen
u_03b9ff9c3aef,2024-06-24,45-54,f,US,en,anxiety,dailyverse
u_3786fbcc998b,2024-04-26,55+,m,DE,de,purpose,lockscreen
u_f86edfa77683,2024-02-02,13-17,m,US,en,grief,widget
u_8d7aab6694ef,2024-06-01,25-34,m,US,en,sleep,lockscreen
u_d2734e70443e,2024-02-03,25-34,m,GB,en,grief,lockscreen
u_20a5d0d7c3e1,2024-05-14,55+,m,DE,de,relationships,lockscreen
u_a0ecd9e42244,2024-02-26,55+,f,MX,es,relationships,lockscreen
u_2bfc1b1df10c,2024-04-19,35-44,f,DE,de,anxiety,lockscreen
u_102a1a765506,2024-06-08,35-44,f,US,en,relationships,dailyverse
u_c87e21c56eda,2024-06-16,35-44,f,US,en,sleep,widget
u_871f467a77f1,2024-03-21,25-34,f,DE,de,faith,generic
u_014e3a9101b7,2024-01-22,35-44,m,US,en,purpose,lockscreen
u_0a9dd88f57bf,2024-05-23,55+,m,BR,pt,relationships,dailyverse
u_94461ef87c0f,2024-01-14,45-54,f,GB,en,faith,dailyverse
u_7d1e033f5404,2024-01-28,45-54,f,MX,es,anxiety,dailyverse
u_ca9f75b792de,2024-06-08,45-54,f,DE,de,anxiety,lockscreen
u_a6746a9504ba,2024-01-02,18-24,f,US,en,anxiety,widget
u_d55649c7c779,2024-02-25,35-44,f,DE,de,faith,generic
u_d55c2e36d42e,2024-06-01,13-17,m,GB,en,sleep,lockscreen
u_79872f89e063,2024-04-18,45-54,f,MX,es,relationships,generic
u_fafec0043e41,2024-03-13,45-54,f,MX,es,anxiety,generic
u_8fcfb58befcc,2024-02-24,25-34,f,US,en,faith,widget
u_13ab9a749c40,2024-05-16,45-54,f,US,en,anxiety,widget
u_5ea178cee762,2024-01-20,45-54,f,MX,es,grief,dailyverse
u_7e00464fe21d,2024-03-24,45-54,f,MX,es,purpose,widget
u_3cc0964664e5,2024-05-30,45-54,m,US,en,relationships,generic
u_498fe4455337,2024-01-20,45-54,m,DE,de,faith,lockscreen
u_02f4f323a9f6,2024-01-27,25-34,m,US,en,sleep,widget
u_5cdcf8e6a808,2024-06-09,35-44,f,US,en,purpose,generic
u_b49081ff1ce8,2024-06-09,18-24,f,BR,pt,anxiety,dailyverse
u_5f8b6d64c2a8,2024-03-31,25-34,f,BR,pt,relationships,lockscreen
u_9020275dda9a,2024-01-24,35-44,m,BR,pt,relationships,generic
u_94d4a9268d67,2024-05-08,13-17,f,BR,pt,anxiety,widget
u_c969ddbd280a,2024-06-14,13-17,m,US,en,purpose,widget
u_2d5186c91862,2024-04-05,35-44,f,US,en,faith,dailyverse
u_7c2418775b2c,2024-03-25,45-54,f,US,en,faith,lockscreen
u_49920c38b8d1,2024-02-08,13-17,m,BR,pt,faith,dailyverse
u_bd7ed644459b,2024-01-22,45-54,f,US,en,purpose,dailyverse
u_75687637357e,2024-06-24,55+,f,DE,de,grief,lockscreen
u_74639b9cfc0e,2024-05-04,18-24,m,US,en,sleep,widget
u_031e2659c507,2024-05-14,55+,f,DE,de,grief,lockscreen
u_cdda320c1d6e,2024-06-08,55+,f,DE,de,anxiety,widget
u_369299de5bc5,2024-03-13,18-24,m,MX,es,faith,generic
u_07aa6cbbcc27,2024-06-22,35-44,f,US,en,relationships,generic
u_aa7afce9064e,2024-06-03,25-34,m,US,en,purpose,widget
u_06d71e5f1a3f,2024-05-12,25-34,m,DE,de,sleep,lockscreen
u_b80216fa4025,2024-02-26,25-34,m,MX,es,relationships,generic
u_670331e5d1af,2024-04-05,13-17,f,GB,en,anxiety,widget
u_3af1280729fe,2024-03-14,55+,m,US,en,purpose,generic
u_74736fd22c6a,2024-02-25,45-54,f,US,en,anxiety,widget
u_65faf3e43579,2024-06-12,13-17,m,US,en,relationships,generic
u_38e6dd18afa0,2024-02-06,35-44,m,US,en,grief,dailyverse
u_f7b4ee92033a,2024-05-14,13-17,m,BR,pt,relationships,dailyverse
u_8fd55b172124,2024-01-05,13-17,f,US,en,sleep,dailyverse
u_c94f65d9d2ca,2024-03-26,13-17,f,DE,de,grief,widget
u_0fdd2cca8282,2024-06-27,55+,m,BR,pt,sleep,generic
u_9bf794bcaf09,2024-01-12,13-17,f,US,en,faith,widget
u_c08f92894b93,2024-06-14,25-34,f,US,en,anxiety,widget
u_2e1ad1166aec,2024-04-12,35-44,f,US,en,sleep,generic
u_421c0171edd5,2024-01-22,13-17,f,MX,es,grief,generic
u_2f1ad281a007,2024-03-24,25-34,f,US,en,grief,dailyverse
u_31a75d25f93a,2024-03-31,25-34,m,MX,es,anxiety,generic
u_c20fce85a8c3,2024-02-10,18-24,f,DE,de,anxiety,lockscreen
u_2e38b15ed33c,2024-05-25,45-54,m,US,en,purpose,lockscreen
u_07aee5bb4c4b,2024-02-05,35-44,f,US,en,purpose,dailyverse
u_f1991b675607,2024-05-12,45-54,m,US,en,faith,generic
u_403abeb56bba,2024-06-26,18-24,m,BR,pt,sleep,generic
u_0946bd1d2084,2024-01-23,55+,f,MX,es,purpose,dailyverse
u_3d9a503d932b,2024-06-28,25-34,m,GB,en,anxiety,widget
u_7920b9560b2a,2024-04-02,35-44,m,MX,es,grief,dailyverse
u_8cd0b80bf79b,2024-05-02,35-44,m,DE,de,sleep,generic
u_dfd24c0106f9,2024-03-29,45-54,m,BR,pt,sleep,widget
u_71a5389c840c,2024-02-09,18-24,m,US,en,faith,dailyverse
u_515a0e411b7e,2024-03-13,25-34,m,MX,es,purpose,lockscreen
u_8784307b3d5d,2024-01-24,45-54,m,BR,pt,sleep,widget
u_5f5648ba7941,2024-05-24,13-17,m,DE,de,anxiety,lockscreen
u_b56d6e1e5b98,2024-05-26,45-54,m,US,en,relationships,generic
u_e488b4750e67,2024-03-03,25-34,f,US,en,anxiety,generic
u_39e9cf84b00f,2024-03-28,25-34,f,MX,es,purpose,widget
u_2aa364a33506,2024-05-11,25-34,m,DE,de,relationships,lockscreen
u_5e4bd3114778,2024-04-08,18-24,m,US,en,faith,generic
u_bb9924132e85,2024-05-11,35-44,f,US,en,relationships,generic
u_a8151bd60237,2024-02-25,13-17,m,GB,en,faith,dailyverse
u_dc5fb6bbd48c,2024-05-17,13-17,f,MX,es,sleep,lockscreen
u_75be0c314032,2024-04-12,45-54,m,US,en,faith,lockscreen
u_c8d32de06fd4,2024-03-12,18-24,m,DE,de,relationships,lockscreen
u_53404ec5f889,2024-02-06,45-54,f,US,en,grief,widget
u_cf73fe00b18d,2024-05-12,18-24,m,DE,de,faith,generic
u_b6e8be440ba9,2024-03-17,45-54,f,BR,pt,purpose,dailyverse
u_acd28549459c,2024-01-29,45-54,f,US,en,purpose,generic
u_97bb0fd3ac1e,2024-06-16,55+,m,US,en,grief,widget
u_6ef5653e61b7,2024-04-07,55+,m,DE,de,anxiety,widget
u_ef92d0590f37,2024-04-17,35-44,m,MX,es,relationships,widget
u_0933b4e3f32f,2024-01-16,45-54,m,DE,de,grief,widget
u_88fff0294ffb,2024-02-14,45-54,f,US,en,grief,generic
u_7f60a390a905,2024-06-26,45-54,f,BR,pt,sleep,dailyverse
u_40812d21cb2a,2024-03-17,55+,m,GB,en,purpose,dailyverse
u_b823c2a634d2,2024-03-11,13-17,f,GB,en,relationships,dailyverse
u_b97c2215272f,2024-03-14,25-34,f,US,en,purpose,lockscreen
u_1db9531b1bea,2024-05-23,18-24,m,MX,es,grief,dailyverse
u_ae6678a65e20,2024-02-27,13-17,m,GB,en,relationships,widget
u_56cb2f48b9c1,2024-05-20,35-44,f,US,en,relationships,widget
u_481a011a9ffe,2024-01-16,55+,m,US,en,grief,lockscreen
u_fbea02393d07,2024-04-16,13-17,f,GB,en,relationships,widget
u_459b4f459c9b,2024-01-10,25-34,m,US,en,faith,lockscreen
u_9404973e474d,2024-02-04,25-34,m,MX,es,anxiety,generic
u_3283dd9e0ed8,2024-01-04,25-34,m,DE,de,sleep,dailyverse
u_0b744732e65a,2024-03-24,35-44,m,MX,es,sleep,lockscreen
u_4ec35965c12f,2024-04-08,35-44,f,US,en,faith,widget
u_5571bdff9c2a,2024-06-26,13-17,m,BR,pt,relationships,widget
u_8bfd29efa4ba,2024-06-29,55+,m,GB,en,purpose,dailyverse
u_b0ba2396cd29,2024-02-04,18-24,f,US,en,purpose,generic
u_8682fd41e739,2024-05-17,18-24,m,GB,en,grief,widget
u_568d67a4bd2f,2024-01-16,45-54,m,BR,pt,sleep,widget
u_8424df3a9e43,2024-05-29,13-17,f,US,en,anxiety,generic
u_57279c721891,2024-04-28,55+,m,US,en,relationships,dailyverse
u_15954304201c,2024-04-18,55+,m,US,en,grief,dailyverse
u_6c91b20dcc9c,2024-01-09,35-44,m,GB,en,sleep,dailyverse
u_aa8daa2cfb93,2024-04-07,35-44,f,MX,es,anxiety,generic
u_8de3f757d745,2024-03-30,18-24,f,BR,pt,grief,lockscreen
u_29c95d6aa7e0,2024-03-17,55+,f,DE,de,grief,generic
u_2a3f414ecfc3,2024-02-18,13-17,f,US,en,grief,lockscreen
u_1fae929aac5a,2024-01-26,35-44,m,US,en,sleep,lockscreen
u_e68683193e6e,2024-01-15,45-54,f,US,en,sleep,widget
u_68dc28ddcbe7,2024-06-21,18-24,f,BR,pt,sleep,dailyverse
u_ff93535cb35e,2024-05-22,55+,f,US,en,grief,widget
u_213187e5cb8e,2024-05-14,55+,f,BR,pt,relationships,dailyverse
u_00c5c7f57563,2024-02-27,55+,m,MX,es,relationships,dailyverse
u_710abbf5fddb,2024-02-04,18-24,f,BR,pt,sleep,generic
u_ef783a0e5e3f,2024-05-17,13-17,f,US,en,relationships,widget
u_bf5884b3686a,2024-05-30,35-44,m,US,en,faith,widget
u_e2e3ae006402,2024-01-31,18-24,m,US,en,relationships,generic
u_9d54d1e0cfb5,2024-05-16,25-34,f,US,en,faith,dailyverse
u_3328737574c9,2024-04-30,18-24,f,GB,en,faith,dailyverse
u_3e72bcf81af4,2024-03-07,25-34,m,US,en,sleep,generic
u_39492634d557,2024-06-16,25-34,f,MX,es,purpose,dailyverse
u_cce0e82eb883,2024-02-13,55+,f,DE,de,sleep,widget
u_8fdcca70f2e2,2024-01-09,55+,m,US,en,anxiety,lockscreen
u_af6ff72d1a52,2024-01-03,45-54,f,DE,de,faith,widget
u_c13bcbfa4d41,2024-06-17,13-17,m,GB,en,grief,generic
u_8d7369f2e86a,2024-03-14,45-54,f,US,en,sleep,lockscreen
u_128da4c97c50,2024-05-14,25-34,f,US,en,relationships,dailyverse
u_f5483691f9d7,2024-06-27,25-34,m,US,en,purpose,widget
u_61a2d9aba3f6,2024-04-06,13-17,m,MX,es,purpose,generic
u_2a274669fe82,2024-05-24,45-54,m,DE,de,sleep,lockscreen
u_a83035f3e6f5,2024-01-12,55+,f,MX,es,grief,lockscreen
u_530ab14feb64,2024-02-23,55+,f,US,en,anxiety,widget
u_b1c4c046ac06,2024-06-22,35-44,m,DE,de,purpose,dailyverse
u_0c434ad20ef5,2024-04-21,13-17,f,US,en,grief,widget
u_d970fad1b791,2024-01-08,35-44,f,DE,de,sleep,dailyverse
u_a97b76b42336,2024-06-18,13-17,f,BR,pt,sleep,generic
u_af053b6e1077,2024-06-11,55+,f,DE,de,faith,widget
u_0d3661d88cff,2024-03-10,18-24,m,MX,es,sleep,lockscreen
u_a25b1411bac8,2024-01-23,45-54,m,US,en,grief,dailyverse
u_add1c0118756,2024-04-09,55+,m,US,en,grief,lockscreen
u_95d924f31584,2024-03-09,18-24,m,US,en,sleep,generic
u_599c6209988f,2024-03-05,55+,f,US,en,grief,widget
u_68f28358aa9c,2024-04-11,45-54,f,US,en,faith,dailyverse
u_2759f14616e9,2024-06-01,25-34,f,BR,pt,grief,widget
u_19804ee706f5,2024-03-22,55+,f,GB,en,grief,dailyverse
u_b1bcffe3008e,2024-04-03,45-54,m,DE,de,grief,lockscreen
u_1a248eb71e9d,2024-04-28,35-44,f,US,en,purpose,widget
u_48da1244e0a7,2024-02-05,18-24,f,BR,pt,purpose,dailyverse
u_91a4f4766ce1,2024-06-02,45-54,f,MX,es,grief,generic
u_a7e6a7fb1859,2024-04-02,13-17,m,MX,es,purpose,lockscreen
u_c03b5a65e95d,2024-06-14,25-34,f,BR,pt,anxiety,generic
u_00c6e0da89a8,2024-05-28,35-44,f,MX,es,relationships,widget
u_0fc415128907,2024-01-07,13-17,f,US,en,relationships,generic
u_8680a80547e0,2024-03-30,25-34,f,DE,de,sleep,dailyverse
u_c3ba379a699d,2024-04-25,13-17,f,DE,de,anxiety,dailyverse
u_09639fa0392d,2024-06-22,55+,m,BR,pt,grief,widget
u_2cd3240b70ac,2024-02-29,55+,m,GB,en,sleep,generic
u_82bd4e0bef29,2024-02-20,45-54,f,BR,pt,relationships,generic
u_60a71c35fe33,2024-01-17,45-54,m,DE,de,faith,lockscreen
u_6d60f5926bf5,2024-05-15,45-54,f,GB,en,grief,dailyverse
u_4f067f7c6cf9,2024-02-14,45-54,m,MX,es,purpose,dailyverse
u_e5a4f05ad179,2024-06-26,45-54,f,US,en,relationships,widget
u_32023a6bffbf,2024-05-17,45-54,m,MX,es,relationships,widget
u_0fd9fad3a002,2024-04-01,35-44,m,BR,pt,sleep,lockscreen
u_7aeb042c0f46,2024-06-24,35-44,f,MX,es,relationships,generic
u_00aa925cd66f,2024-01-09,18-24,f,US,en,sleep,dailyverse
u_9bc42772aa2c,2024-05-10,45-54,m,MX,es,faith,lockscreen
u_3368b4691122,2024-01-11,45-54,m,DE,de,relationships,generic
u_7b2d6865d96e,2024-01-09,25-34,f,US,en,anxiety,generic
u_b723ece1e87e,2024-05-30,55+,f,US,en,sleep,dailyverse
u_4b91fd8c3e13,2024-05-25,45-54,f,DE,de,grief,dailyverse
u_f9753173a811,2024-03-09,18-24,f,US,en,anxiety,lockscreen
u_d77458c91973,2024-03-04,55+,f,GB,en,sleep,widget
u_e1230ce58ec3,2024-03-09,35-44,f,BR,pt,anxiety,generic
u_386d8fcafcf4,2024-03-12,35-44,f,MX,es,faith,dailyverse
u_28962537eb70,2024-04-27,13-17,f,US,en,sleep,dailyverse
u_daa036f08363,2024-03-13,45-54,m,US,en,grief,dailyverse
u_d266d11d81f5,2024-01-12,55+,f,DE,de,anxiety,lockscreen
u_a6808f52c71a,2024-04-19,55+,m,US,en,purpose,widget
u_fc592c4dbcd6,2024-04-02,13-17,f,US,en,purpose,dailyverse
u_f7bbd7262028,2024-06-28,35-44,m,US,en,purpose,widget
u_ddc22b14eba4,2024-05-12,13-17,m,BR,pt,purpose,generic
u_bbc9cd79416e,2024-05-02,18-24,f,BR,pt,anxiety,lockscreen
u_d342ef2092df,2024-02-05,18-24,m,GB,en,anxiety,generic
u_743b3d887e7e,2024-02-24,35-44,f,MX,es,sleep,widget
u_5de5457e4d63,2024-04-08,35-44,f,BR,pt,sleep,dailyverse
u_19cae984d713,2024-06-04,55+,m,BR,pt,purpose,dailyverse
u_5d28ce2db0cc,2024-04-10,55+,m,US,en,sleep,dailyverse
u_e50481992b60,2024-05-15,25-34,f,BR,pt,sleep,lockscreen
u_86c03d0a3fcf,2024-02-14,13-17,m,MX,es,grief,generic
u_f3a681390cf7,2024-04-11,55+,f,US,en,relationships,dailyverse
u_7de6e0e0d18e,2024-03-12,25-34,m,BR,pt,grief,lockscreen
u_bef0e00a40d1,2024-05-30,25-34,f,US,en,purpose,lockscreen
u_2afedaaaa355,2024-01-30,45-54,m,GB,en,faith,generic
u_862b5b894d8a,2024-02-05,18-24,f,US,en,faith,lockscreen
u_e0e50aa59113,2024-02-02,55+,m,US,en,anxiety,dailyverse
u_92f23328ec95,2024-05-27,35-44,f,US,en,grief,lockscreen
u_e012be50fa51,2024-03-06,45-54,m,US,en,sleep,lockscreen
u_71b9de40c6fc,2024-01-12,25-34,f,US,en,sleep,generic
u_9edb9009ae87,2024-06-16,18-24,f,DE,de,sleep,generic
u_fbf8a69d7a2a,2024-04-05,45-54,m,US,en,sleep,lockscreen
u_b57b8aea259d,2024-04-29,25-34,f,MX,es,anxiety,dailyverse
u_7a279597d662,2024-03-18,35-44,f,BR,pt,grief,widget
u_e3cbd2bd161e,2024-05-19,18-24,m,DE,de,relationships,widget
u_6214daa59686,2024-01-03,13-17,f,BR,pt,purpose,dailyverse
u_884c27e03a49,2024-05-05,18-24,f,US,en,anxiety,lockscreen
u_429a8e51bc17,2024-04-05,55+,m,MX,es,grief,generic
u_370bf5282aee,2024-05-25,35-44,m,US,en,sleep,lockscreen
u_44e8fbdedc1b,2024-03-24,35-44,f,US,en,sleep,dailyverse
u_21c69930e9c2,2024-02-09,18-24,f,BR,pt,relationships,lockscreen
u_ee2f6e6b9688,2024-04-25,35-44,f,DE,de,anxiety,dailyverse
u_e862973ad943,2024-06-03,18-24,f,DE,de,sleep,lockscreen
u_a19865b186f8,2024-06-22,25-34,m,MX,es,anxiety,dailyverse
u_c41f89f3a94f,2024-01-25,13-17,m,BR,pt,anxiety,generic
u_86b4083b769f,2024-04-12,55+,m,US,en,grief,dailyverse
u_c778aa0afc46,2024-02-20,18-24,m,GB,en,faith,generic
u_ddac5636a797,2024-04-20,35-44,m,GB,en,relationships,generic
u_9dde394ae029,2024-03-12,18-24,m,US,en,grief,generic
u_4630985696bf,2024-05-20,13-17,m,MX,es,faith,generic
u_063be2212f81,2024-03-04,35-44,f,DE,de,relationships,lockscreen
u_178ff5448dfa,2024-04-09,18-24,m,MX,es,faith,dailyverse
u_0de8a260e57b,2024-04-30,45-54,m,US,en,sleep,dailyverse
u_10c9dfeba568,2024-01-15,45-54,f,DE,de,faith,widget
u_e0e9f268d82d,2024-03-22,45-54,m,US,en,purpose,dailyverse
u_768b16cad8d1,2024-02-18,45-54,f,BR,pt,sleep,generic
u_c0cd34255a51,2024-05-14,13-17,f,US,en,grief,generic
u_6cb9b20e784f,2024-03-23,13-17,m,GB,en,grief,lockscreen
u_fc61cceb3fb8,2024-04-03,25-34,f,MX,es,grief,lockscreen
u_8c5d76c0b7b4,2024-04-21,55+,f,US,en,sleep,generic
u_a96c6276b3f1,2024-04-01,55+,m,BR,pt,relationships,widget
u_07f7a095cf2c,2024-06-28,45-54,m,DE,de,sleep,generic
u_0a0dd36f6bb8,2024-05-24,35-44,m,US,en,faith,lockscreen
u_ab697dbb766b,2024-01-23,35-44,m,US,en,faith,dailyverse
u_3db6f7fbe07d,2024-01-01,35-44,f,DE,de,purpose,lockscreen
u_29bf4062b583,2024-03-30,13-17,f,GB,en,grief,generic
u_340c2d0782f1,2024-01-09,13-17,f,US,en,faith,dailyverse
u_127cd1be8936,2024-01-20,25-34,f,US,en,purpose,lockscreen
u_59fcd49c0cc7,2024-02-10,13-17,f,GB,en,sleep,lockscreen
u_418809043969,2024-05-18,55+,f,GB,en,faith,dailyverse
u_87f8164a0a69,2024-02-09,25-34,m,DE,de,relationships,lockscreen
u_745e961f0ac1,2024-01-25,18-24,m,MX,es,purpose,lockscreen
u_2fdd9e82de91,2024-04-11,35-44,f,US,en,anxiety,generic
u_0ab24366438e,2024-02-17,13-17,f,US,en,relationships,generic
u_407426781d0b,2024-06-27,13-17,f,US,en,grief,lockscreen
u_d84a3c612224,2024-04-09,45-54,f,US,en,grief,generic
u_e5187cfd1ef6,2024-01-09,13-17,f,GB,en,sleep,widget
u_258eec43f5da,2024-01-11,13-17,f,US,en,sleep,generic
u_5b05b5ad6090,2024-01-18,35-44,f,US,en,grief,lockscreen
u_d83ff9d11101,2024-06-28,13-17,f,GB,en,sleep,generic
u_8bcbed7a1feb,2024-01-28,25-34,f,GB,en,relationships,lockscreen
u_b70a65bc0536,2024-02-14,35-44,m,MX,es,grief,dailyverse
u_78a912b35570,2024-03-25,13-17,f,GB,en,faith,widget
u_c8fc2a2b1039,2024-03-12,55+,m,US,en,sleep,generic
u_5181a8f2e9ad,2024-03-09,45-54,m,DE,de,sleep,generic
u_32546454d3af,2024-05-12,13-17,m,MX,es,anxiety,dailyverse
u_4bf31b929fe8,2024-05-25,18-24,m,GB,en,sleep,lockscreen
u_f9187b9ac2a9,2024-06-29,25-34,f,GB,en,relationships,widget
u_dfa87df0d5da,2024-04-05,45-54,f,US,en,sleep,generic
u_085722976e22,2024-03-07,25-34,m,US,en,relationships,lockscreen
u_3ad3636fb568,2024-02-26,55+,m,US,en,faith,widget
u_932ab61dbc62,2024-06-23,35-44,m,GB,en,purpose,lockscreen
u_10f97a09a723,2024-03-19,35-44,f,BR,pt,faith,dailyverse
u_30ec9e8b7fb9,2024-06-08,45-54,m,MX,es,anxiety,generic
u_0e5f9b894d23,2024-06-14,25-34,m,US,en,relationships,dailyverse
u_a8aa3a18e5b2,2024-03-07,18-24,m,GB,en,grief,dailyverse
u_5dad2c7f644d,2024-06-02,55+,f,DE,de,purpose,generic
u_a35a7deb5d83,2024-04-17,35-44,m,US,en,grief,generic
u_d5bda95886c0,2024-02-26,55+,f,DE,de,grief,generic
u_6835005270b5,2024-03-16,35-44,m,BR,pt,purpose,lockscreen
u_d9d8b05df4a9,2024-06-23,55+,m,US,en,sleep,dailyverse
u_ef0789fa1a18,2024-03-25,25-34,f,DE,de,relationships,dailyverse
u_bbbbe2918daa,2024-06-07,35-44,m,BR,pt,grief,lockscreen
u_ebc58a83c2b0,2024-02-08,18-24,f,MX,es,relationships,widget
u_def6a07b3ae1,2024-02-16,35-44,f,US,en,purpose,lockscreen
u_ba2aee02d6c5,2024-02-23,45-54,m,MX,es,relationships,widget
u_04089202340a,2024-04-19,35-44,f,MX,es,relationships,generic
u_8d9f1b57ae51,2024-03-23,13-17,m,GB,en,purpose,widget
u_57b8e92f311a,2024-01-27,45-54,f,US,en,sleep,generic
u_2f0466567766,2024-05-13,35-44,m,MX,es,faith,dailyverse
u_2505fc276713,2024-04-13,18-24,m,US,en,purpose,lockscreen
u_fdd927c25f18,2024-02-01,55+,m,MX,es,relationships,dailyverse
u_46ec8cce6151,2024-01-13,55+,m,US,en,anxiety,lockscreen
u_1cf28682da0c,2024-05-01,18-24,m,MX,es,faith,widget
u_8986a73e9e14,2024-06-28,35-44,m,BR,pt,grief,widget
u_9d5b27a2bbaa,2024-02-20,25-34,m,US,en,faith,widget
u_fbf0997a4db4,2024-02-23,25-34,m,MX,es,anxiety,generic
u_83608f312636,2024-05-06,13-17,m,BR,pt,purpose,widget
u_8dee6aa6dd9e,2024-03-16,35-44,m,MX,es,anxiety,dailyverse
u_d1fa192af06e,2024-06-22,35-44,m,US,en,anxiety,dailyverse
u_2df91cdc7909,2024-06-14,25-34,f,US,en,relationships,widget
u_4bf2ccc365d0,2024-03-28,13-17,f,US,en,relationships,widget
u_562a571712f6,2024-04-17,13-17,m,GB,en,purpose,widget
u_593c75f722a6,2024-05-31,45-54,f,US,en,sleep,generic
u_4262da883c2c,2024-02-03,35-44,m,GB,en,relationships,generic
u_63b5987d73d0,2024-06-22,55+,f,US,en,grief,widget
u_4ddd20e5d92c,2024-03-04,25-34,f,BR,pt,sleep,generic
u_cd82c80f592b,2024-06-13,45-54,f,US,en,relationships,widget
u_07b8a3403dc2,2024-03-12,45-54,m,US,en,grief,lockscreen
u_fdffc7dbb799,2024-05-26,13-17,f,MX,es,relationships,generic
u_127d51ece3e6,2024-04-13,13-17,m,US,en,anxiety,generic
u_856624cd0908,2024-05-23,55+,f,GB,en,faith,widget
u_727fe1cc1c71,2024-05-23,55+,f,MX,es,purpose,generic
u_8f3beba02c32,2024-03-31,45-54,f,US,en,purpose,dailyverse
u_602116f9974a,2024-04-14,25-34,m,DE,de,sleep,lockscreen
u_db408fe65c66,2024-02-18,13-17,f,DE,de,anxiety,dailyverse
u_733583465ab8,2024-04-25,55+,m,DE,de,relationships,generic
u_8ebe5af1a614,2024-05-29,45-54,m,MX,es,purpose,generic
u_04f5f9356987,2024-06-02,45-54,f,US,en,relationships,dailyverse
u_846ba1fe35b7,2024-03-28,35-44,m,US,en,sleep,dailyverse
u_825e123e0a2a,2024-06-28,55+,m,US,en,sleep,dailyverse
u_6e1b1bfaecbf,2024-02-03,45-54,f,GB,en,purpose,widget
u_9d8550d8cd53,2024-06-19,55+,f,BR,pt,relationships,generic
u_484f34da6015,2024-06-20,18-24,f,US,en,sleep,lockscreen
u_b003b33e0f94,2024-03-16,45-54,m,US,en,faith,widget
u_d01581c24e32,2024-02-27,18-24,f,DE,de,purpose,generic
u_78250c5012de,2024-06-24,45-54,m,GB,en,anxiety,dailyverse
u_05e4ae3c18ec,2024-04-23,55+,f,GB,en,grief,widget
u_6e7e0ce0dd35,2024-03-16,18-24,m,GB,en,sleep,generic
u_08cc72d27fdb,2024-03-12,18-24,m,US,en,grief,dailyverse
u_e561692ffc35,2024-01-11,25-34,m,GB,en,purpose,widget
u_c2af65260da3,2024-04-01,55+,f,BR,pt,grief,lockscreen
u_f8663b8bc944,2024-04-16,13-17,f,MX,es,sleep,generic
u_f33b14ef5954,2024-06-07,45-54,m,US,en,anxiety,generic
u_0fb5f2611d64,2024-06-08,13-17,f,BR,pt,relationships,widget
u_7546427770d0,2024-03-13,45-54,f,MX,es,grief,lockscreen
u_1aa375490044,2024-02-19,45-54,m,GB,en,anxiety,dailyverse
u_7856c38e4725,2024-01-17,55+,m,US,en,purpose,widget
u_be71927b7008,2024-04-21,55+,m,DE,de,anxiety,lockscreen
u_ae5f3211d9a8,2024-03-05,45-54,m,US,en,faith,lockscreen
u_adf899546bff,2024-04-09,45-54,m,US,en,purpose,lockscreen
u_284d2c72be8a,2024-01-19,45-54,m,US,en,faith,dailyverse
u_0e71a46afbf6,2024-04-22,35-44,m,DE,de,relationships,generic
u_78016fdbad55,2024-05-19,55+,m,DE,de,faith,dailyverse
u_ebe203e00197,2024-04-05,45-54,m,DE,de,anxiety,lockscreen
u_7e5d172a11dc,2024-01-22,18-24,f,MX,es,sleep,dailyverse
u_4a294be05996,2024-02-26,18-24,m,US,en,sleep,dailyverse
u_06f774669a77,2024-05-20,55+,m,DE,de,faith,generic
u_dd435e09bc04,2024-03-25,18-24,m,BR,pt,anxiety,dailyverse
u_29e3653fda7a,2024-03-25,55+,m,MX,es,grief,dailyverse
u_67d659a1ea6e,2024-03-21,18-24,f,US,en,faith,widget
u_6d4d1bcdcc58,2024-04-28,25-34,f,GB,en,relationships,generic
u_a255a749805d,2024-02-05,25-34,m,DE,de,purpose,widget
u_298c4092fc9a,2024-05-28,45-54,m,US,en,anxiety,generic
u_74b5785033dc,2024-02-08,35-44,m,MX,es,grief,dailyverse
u_5e9586ab977f,2024-04-11,45-54,m,MX,es,purpose,dailyverse
u_6270116ea03e,2024-05-11,35-44,m,BR,pt,sleep,widget
u_e6b529e0e4a7,2024-05-03,13-17,m,US,en,relationships,dailyverse
u_a710651c9ade,2024-05-12,35-44,f,BR,pt,relationships,dailyverse
u_70de61cb48f9,2024-05-13,55+,f,US,en,grief,dailyverse
u_f52675fd1e14,2024-06-16,45-54,f,US,en,relationships,lockscreen
u_d3657ba0997b,2024-03-29,35-44,m,DE,de,grief,generic
u_e5fe82e1231e,2024-03-12,18-24,m,MX,es,sleep,widget
u_e8a660b1e8fb,2024-03-25,35-44,f,US,en,relationships,lockscreen
u_9d94a8d413e3,2024-01-12,45-54,m,US,en,sleep,widget
u_973d5fbec8d8,2024-03-07,45-54,f,US,en,grief,widget
u_4b0cd49c748e,2024-03-13,18-24,f,DE,de,grief,lockscreen
u_a9b4640546a3,2024-06-02,45-54,m,DE,de,grief,widget
u_0729cc55abd2,2024-04-26,18-24,f,US,en,relationships,lockscreen
u_e9b9fe13689e,2024-06-24,18-24,m,GB,en,sleep,generic
u_f886d6e50b1e,2024-05-08,13-17,f,DE,de,purpose,lockscreen
u_8bccc8958136,2024-06-22,45-54,f,GB,en,faith,generic
u_8a2c99f3343b,2024-05-03,25-34,m,GB,en,relationships,generic
u_49cd4a7d6b4a,2024-03-13,25-34,m,GB,en,anxiety,generic
u_f0f9fa28552f,2024-01-02,55+,m,US,en,purpose,generic
u_404861103ccd,2024-05-29,25-34,f,MX,es,grief,dailyverse
u_f0c82eac5bdd,2024-04-15,18-24,f,DE,de,grief,generic
u_901f8912056e,2024-06-29,55+,m,US,en,purpose,generic
u_c88258ae7ad1,2024-01-26,45-54,f,GB,en,faith,widget
u_801139a64ee5,2024-04-09,13-17,m,US,en,relationships,lockscreen
u_f29cd6b2b118,2024-01-21,55+,f,US,en,relationships,lockscreen
u_473fcdb875d1,2024-02-14,35-44,m,BR,pt,sleep,generic
u_1e92824fe001,2024-06-02,45-54,m,US,en,purpose,widget
u_7046e27566e8,2024-03-11,25-34,f,US,en,relationships,generic
u_95d57951a516,2024-01-24,55+,f,US,en,faith,dailyverse
u_a444a63d440e,2024-04-13,25-34,m,US,en,relationships,lockscreen
u_690f66555799,2024-01-30,45-54,f,US,en,purpose,dailyverse
u_be3afb98f4d0,2024-03-27,55+,f,US,en,grief,generic
u_b9cc7607fd9e,2024-02-26,25-34,f,US,en,faith,widget
u_2d60b6e68408,2024-01-24,55+,f,US,en,anxiety,generic
u_4cee0ce60f91,2024-05-26,18-24,m,US,en,relationships,dailyverse
u_fefdd020ad77,2024-02-28,18-24,f,US,en,sleep,widget
u_aa5d3ac7afba,2024-05-06,45-54,m,GB,en,relationships,lockscreen
u_383154e90ae9,2024-05-27,35-44,m,GB,en,grief,dailyverse
u_6f5866a35912,2024-04-18,45-54,m,US,en,grief,generic
u_da4ee5aa4bb8,2024-01-31,25-34,m,MX,es,anxiety,generic
u_ab0011888ded,2024-03-07,45-54,f,US,en,sleep,widget
u_5fd7d1767e31,2024-04-18,35-44,f,US,en,faith,widget
u_dbce80dd08e7,2024-05-27,13-17,f,US,en,sleep,widget
u_c4975f778538,2024-02-08,13-17,m,DE,de,relationships,generic
u_b1a54bf88d76,2024-03-21,25-34,f,MX,es,grief,generic
u_95e5f64100db,2024-02-25,35-44,m,US,en,relationships,dailyverse
u_38ea99738501,2024-03-06,13-17,f,BR,pt,anxiety,dailyverse
u_f7e147fd215b,2024-06-15,25-34,f,BR,pt,faith,widget
u_1f5871bc513d,2024-04-07,35-44,m,GB,en,sleep,dailyverse
u_faa73eaf97fc,2024-04-13,13-17,m,BR,pt,faith,lockscreen
u_90f03cab80c1,2024-06-14,25-34,f,US,en,faith,generic
u_749592402089,2024-01-06,55+,m,US,en,purpose,widget
u_06e1efb16688,2024-04-11,13-17,m,US,en,relationships,lockscreen
u_d0c8191d74b9,2024-01-22,25-34,m,DE,de,anxiety,lockscreen
u_a64ff0e5a696,2024-03-13,55+,m,US,en,sleep,generic
u_7a8ac29ee955,2024-03-24,35-44,f,US,en,grief,generic
u_a37bd17fd774,2024-06-01,55+,f,US,en,grief,generic
u_9630a7b281cd,2024-02-28,35-44,f,MX,es,faith,lockscreen
u_ead336dc069c,2024-02-04,25-34,f,MX,es,grief,dailyverse
u_e5dca12bc866,2024-01-03,25-34,m,MX,es,anxiety,generic
u_b2f1d45cc555,2024-03-04,55+,f,MX,es,relationships,widget
u_8bbfe33e3b0c,2024-06-05,25-34,f,MX,es,relationships,dailyverse
u_956073b79b51,2024-04-26,25-34,f,US,en,sleep,generic
u_e1749b1cad9d,2024-01-27,25-34,m,US,en,purpose,dailyverse
u_21e35b7ac8f0,2024-02-25,35-44,f,US,en,relationships,dailyverse
u_43131c0d9219,2024-02-07,25-34,f,US,en,anxiety,lockscreen
u_ede9d03273bf,2024-04-07,13-17,m,US,en,relationships,lockscreen
u_aa6d6a089b91,2024-04-27,45-54,m,US,en,relationships,lockscreen
u_3c7e718d5829,2024-01-11,25-34,f,US,en,purpose,lockscreen
u_28fcf70bef92,2024-01-29,55+,f,BR,pt,faith,widget
u_9773529a8267,2024-03-03,13-17,f,US,en,purpose,lockscreen
u_cae38ff015e6,2024-01-24,55+,m,US,en,anxiety,dailyverse
u_b11369d6e70e,2024-05-04,25-34,f,US,en,relationships,widget
u_45a0444cfa99,2024-03-05,35-44,f,DE,de,grief,lockscreen
u_9dbfa0130f01,2024-03-30,55+,f,US,en,faith,dailyverse
u_45628e43596e,2024-05-15,35-44,f,US,en,faith,widget
u_9abed1d0310a,2024-02-17,45-54,f,MX,es,grief,lockscreen
u_bb02946af3b5,2024-04-09,45-54,f,MX,es,grief,widget
u_e7ea1b707ca6,2024-01-25,13-17,m,US,en,sleep,lockscreen
u_d5e9b0c641b4,2024-05-26,55+,f,US,en,grief,generic
u_7b0a42b3952e,2024-01-19,18-24,f,US,en,anxiety,lockscreen
u_c5f5261671b8,2024-04-16,55+,m,DE,de,grief,dailyverse
u_50f4d9e50f4e,2024-02-25,13-17,m,US,en,grief,lockscreen
u_b0d7c636b1b4,2024-02-15,55+,m,BR,pt,purpose,generic
u_d24464a8de19,2024-01-27,18-24,f,MX,es,grief,widget
u_0df5335bf80d,2024-03-31,45-54,f,MX,es,faith,dailyverse
u_d44d0561bebc,2024-03-02,35-44,f,US,en,faith,widget
u_28a46ac060c6,2024-03-13,45-54,m,DE,de,faith,lockscreen
u_f5abc1adf486,2024-06-25,45-54,m,US,en,anxiety,dailyverse
u_8d05bebf5a92,2024-05-29,18-24,f,US,en,faith,widget
u_9253feb578ec,2024-03-24,18-24,f,DE,de,purpose,generic
u_cf9c89447dd7,2024-01-10,13-17,m,BR,pt,faith,generic
u_cd9747f5ff02,2024-02-28,55+,f,GB,en,anxiety,lockscreen
u_c2b752ee4aeb,2024-05-08,18-24,m,US,en,purpose,widget
u_0f67a0215cba,2024-05-09,18-24,f,BR,pt,faith,lockscreen
u_6182f00916d4,2024-01-13,25-34,m,MX,es,relationships,generic
u_3846bf1ca1f7,2024-05-23,35-44,f,US,en,purpose,widget
u_023a510ed047,2024-03-03,25-34,f,MX,es,faith,lockscreen
u_1c2cb93abdf2,2024-04-03,18-24,f,MX,es,faith,dailyverse
u_67955f15fc27,2024-06-06,45-54,m,GB,en,relationships,generic
u_621f361bdb0a,2024-01-22,55+,m,US,en,sleep,lockscreen
u_1f003bc88f3e,2024-01-04,55+,m,DE,de,faith,dailyverse
u_2b997eb09be1,2024-02-22,45-54,f,MX,es,grief,dailyverse
u_93f4f0e6f2c4,2024-05-29,25-34,m,US,en,anxiety,lockscreen
u_7d4a1bc1b90c,2024-06-16,13-17,f,US,en,purpose,lockscreen
u_a9065bdb46b2,2024-01-05,55+,f,GB,en,sleep,dailyverse
u_dbb2bebe85a2,2024-05-04,18-24,m,GB,en,grief,lockscreen
u_ec6b24766d89,2024-05-15,25-34,f,US,en,relationships,dailyverse
u_85bc6e07f49e,2024-03-18,45-54,f,US,en,anxiety,widget
u_541440ddc5c6,2024-01-08,18-24,m,DE,de,faith,dailyverse
u_927636c53719,2024-06-22,35-44,m,US,en,grief,widget
u_74682e1011c4,2024-05-18,18-24,m,US,en,grief,widget
u_7c4d9f55faaf,2024-06-29,35-44,m,US,en,purpose,widget
u_9d94aec49a92,2024-01-31,25-34,m,BR,pt,purpose,widget
u_da0e45cb7b21,2024-03-18,55+,f,GB,en,sleep,generic
u_62f9d972ba5c,2024-06-05,45-54,m,DE,de,grief,dailyverse
u_52b91d8e71bf,2024-05-02,45-54,f,BR,pt,purpose,widget
u_6615a01f4143,2024-02-11,18-24,m,MX,es,relationships,widget
u_b1612aeb7641,2024-06-20,18-24,m,MX,es,sleep,widget
u_504844976454,2024-03-24,18-24,f,MX,es,relationships,generic
u_df317740a905,2024-04-10,45-54,m,DE,de,relationships,lockscreen
u_e69a5e43cb92,2024-05-17,55+,m,US,en,grief,generic
u_f719d4811550,2024-04-22,25-34,f,US,en,relationships,generic
u_7a93e516ab1a,2024-02-06,55+,f,BR,pt,anxiety,generic
u_1d8fc7e24951,2024-06-27,35-44,f,GB,en,faith,widget
u_b1c53003cd18,2024-02-21,13-17,f,DE,de,faith,generic
u_396b8f829c26,2024-02-01,13-17,f,DE,de,purpose,lockscreen
u_e25efe9cea77,2024-05-10,35-44,f,DE,de,anxiety,widget
u_ebf62d03351a,2024-02-08,18-24,m,BR,pt,purpose,widget
u_862d60d85205,2024-03-14,13-17,m,GB,en,sleep,widget
u_a86c1cd3871e,2024-05-07,45-54,f,MX,es,sleep,lockscreen
u_4ead98c3344b,2024-06-02,18-24,f,MX,es,grief,lockscreen
u_e778be9c08a0,2024-01-15,13-17,m,US,en,anxiety,dailyverse
u_a656ba4d391f,2024-01-13,35-44,m,GB,en,sleep,lockscreen
u_b9f1be068fae,2024-05-23,35-44,f,BR,pt,anxiety,widget
u_43db8c9a398a,2024-01-18,45-54,m,US,en,faith,generic
u_73a7604d5fbe,2024-04-15,55+,m,US,en,grief,widget
u_8bf72979495f,2024-01-23,55+,f,MX,es,relationships,generic
u_ebb8846c3102,2024-03-31,45-54,f,GB,en,grief,widget
u_a2cd9248cb57,2024-02-29,18-24,m,GB,en,anxiety,dailyverse
u_86de5156f114,2024-06-06,35-44,m,DE,de,faith,generic
u_655a1206ee5a,2024-06-25,25-34,m,BR,pt,faith,dailyverse
u_bcbb93f17ee6,2024-03-26,35-44,m,US,en,sleep,dailyverse
u_cbd1f8ebf14a,2024-05-01,55+,m,MX,es,relationships,lockscreen
u_ff5a09e4c2d8,2024-04-28,55+,m,GB,en,grief,generic
u_ece1fe45e144,2024-02-23,25-34,m,MX,es,sleep,dailyverse
u_bb16a2d40fb9,2024-02-12,18-24,m,BR,pt,faith,generic
u_ae5ebf93fac6,2024-05-07,25-34,f,MX,es,faith,widget
u_d14b208edbd8,2024-02-21,35-44,m,DE,de,relationships,lockscreen
u_06fb2bc5e768,2024-05-14,25-34,m,MX,es,anxiety,dailyverse
u_eff01ac1402f,2024-01-10,35-44,m,US,en,anxiety,generic
u_a78b395f4a47,2024-03-26,13-17,m,GB,en,grief,generic
u_d60b890246e3,2024-06-12,25-34,m,DE,de,sleep,widget
u_0e74fb6a6c6c,2024-03-10,18-24,f,BR,pt,anxiety,widget
u_76cb0b9494d1,2024-03-30,25-34,m,US,en,purpose,dailyverse
u_cc07600ffaa4,2024-03-27,13-17,m,US,en,anxiety,generic
u_ab7e523761de,2024-04-19,18-24,f,US,en,grief,generic
u_40bbe4b673d3,2024-05-16,35-44,m,DE,de,anxiety,lockscreen
u_9367a93bb9ba,2024-06-24,35-44,m,MX,es,sleep,generic
u_d5afbf756bf4,2024-02-16,25-34,f,US,en,relationships,dailyverse
u_4d193399b3a8,2024-02-13,25-34,m,MX,es,grief,dailyverse
u_d0452efcae12,2024-06-15,25-34,f,US,en,relationships,lockscreen
u_5d27ed22f212,2024-05-03,13-17,f,US,en,sleep,generic
u_836140241fe7,2024-03-28,18-24,m,MX,es,purpose,widget
u_5903d3d652fc,2024-04-28,45-54,m,BR,pt,relationships,dailyverse
u_09917979a1af,2024-06-01,25-34,f,US,en,purpose,generic
u_1f01934197e4,2024-06-11,18-24,m,GB,en,relationships,lockscreen
u_8c48b3501b12,2024-06-23,25-34,f,US,en,relationships,dailyverse
u_9b6edc20f688,2024-06-05,18-24,f,BR,pt,anxiety,generic
u_ba1cb9f6285a,2024-04-01,25-34,m,DE,de,sleep,lockscreen
u_72102d0db3f9,2024-04-13,35-44,m,DE,de,purpose,generic
u_58db53b22120,2024-04-02,18-24,f,DE,de,purpose,generic
u_03af58ac8923,2024-05-04,18-24,m,US,en,sleep,generic
u_92bc381d4a88,2024-06-03,45-54,m,DE,de,relationships,generic
u_73e1d5ab4bcd,2024-02-17,45-54,m,US,en,grief,generic
u_b167c769a4b3,2024-05-19,13-17,m,US,en,grief,dailyverse
u_f34d05cd99b2,2024-01-21,55+,f,GB,en,relationships,widget
u_a8a98f8c1dad,2024-06-10,55+,f,US,en,grief,lockscreen
u_7822cfad9f50,2024-05-11,45-54,f,MX,es,relationships,generic
u_36aa5219ee1f,2024-06-26,55+,f,US,en,anxiety,dailyverse
u_fa0da8592eaa,2024-03-15,25-34,f,BR,pt,anxiety,lockscreen
u_7050a4331a79,2024-06-06,25-34,f,US,en,anxiety,dailyverse
u_23ebaad9a68d,2024-06-17,25-34,m,DE,de,faith,generic
u_38b79ffdbf1e,2024-01-09,13-17,m,MX,es,grief,dailyverse
u_184cac6d1e10,2024-04-08,55+,f,GB,en,purpose,widget
u_5d8874c502d8,2024-06-13,13-17,m,US,en,sleep,dailyverse
u_f25f2fb2b76a,2024-05-16,35-44,f,GB,en,relationships,widget
u_6e485043feaa,2024-04-24,55+,f,US,en,grief,generic
u_df657b40ece2,2024-04-20,25-34,f,BR,pt,faith,dailyverse
u_3ec3d716e876,2024-06-21,55+,m,MX,es,grief,widget
u_265e7ffda1b0,2024-06-21,13-17,m,MX,es,relationships,lockscreen
u_07061437a35e,2024-03-13,18-24,m,US,en,anxiety,dailyverse
u_a4b1ccdc3322,2024-02-25,55+,m,GB,en,anxiety,lockscreen
u_2b0d4f3a8c5d,2024-05-24,13-17,m,GB,en,faith,widget
u_48d475c44ab2,2024-03-11,55+,f,MX,es,faith,generic
u_b8fa9eff1e41,2024-03-26,25-34,f,US,en,sleep,lockscreen
u_5d195b076160,2024-02-15,13-17,m,BR,pt,grief,generic
u_1d5e9e0fca2e,2024-03-07,13-17,m,GB,en,anxiety,lockscreen
u_c962281d8427,2024-02-08,13-17,f,GB,en,faith,lockscreen
u_126a93c202e3,2024-05-05,35-44,f,US,en,purpose,generic
u_adbc17ade650,2024-06-25,13-17,f,US,en,faith,generic
u_9ddae01bb9c7,2024-01-24,45-54,f,GB,en,anxiety,dailyverse
u_e5dcd849676b,2024-05-21,35-44,m,US,en,faith,lockscreen
u_a29c58a3deec,2024-01-22,55+,m,US,en,sleep,generic
u_e4824c511258,2024-04-09,45-54,f,US,en,relationships,lockscreen
u_38a10fa64226,2024-01-10,13-17,f,GB,en,purpose,dailyverse
u_2dfe948e6019,2024-04-27,55+,m,BR,pt,anxiety,widget
u_860e7490b0ce,2024-06-07,18-24,m,MX,es,anxiety,lockscreen
u_af6a41320b22,2024-04-26,45-54,m,DE,de,anxiety,widget
u_b2795f44242c,2024-02-21,25-34,f,US,en,faith,generic
u_985e4035ffed,2024-02-24,45-54,m,US,en,faith,lockscreen
u_0ea93b311543,2024-04-04,35-44,m,US,en,grief,widget
u_8380c2bcf041,2024-02-10,35-44,m,BR,pt,anxiety,lockscreen
u_70965618f8b9,2024-03-13,55+,f,BR,pt,purpose,generic
u_8184ce104b26,2024-03-02,45-54,m,MX,es,grief,widget
u_8cb24f817c6a,2024-03-18,35-44,m,BR,pt,grief,dailyverse
u_a9e6e04ff714,2024-04-02,35-44,m,US,en,faith,widget
u_41e627aeda89,2024-05-01,18-24,m,DE,de,purpose,generic
u_d6c4833477eb,2024-03-05,45-54,f,US,en,anxiety,dailyverse
u_272424aaf391,2024-01-08,45-54,m,US,en,anxiety,generic
u_c28376e8a98c,2024-02-20,18-24,m,US,en,faith,dailyverse
u_98a0330bd583,2024-02-26,35-44,f,US,en,anxiety,lockscreen
u_b5910c1672a5,2024-04-09,18-24,f,MX,es,purpose,dailyverse
u_2ca1da1aebf3,2024-01-09,25-34,m,US,en,anxiety,lockscreen
u_9505cbbb6ab0,2024-03-16,55+,m,US,en,grief,widget
u_34e84c3ab25c,2024-05-05,45-54,f,GB,en,relationships,widget
u_b087c1185885,2024-03-24,45-54,m,US,en,grief,generic
u_bca9be96df73,2024-01-12,35-44,m,MX,es,relationships,lockscreen
u_ea1f4e98a599,2024-04-25,18-24,m,DE,de,grief,generic
u_971ba5a8950e,2024-04-01,18-24,m,US,en,anxiety,dailyverse
u_a089479776f4,2024-05-29,35-44,f,GB,en,sleep,lockscreen
u_19679650b522,2024-04-28,55+,m,US,en,relationships,lockscreen
u_e888e72d9b2f,2024-03-10,55+,m,MX,es,grief,widget
u_ad835d000541,2024-06-21,13-17,m,GB,en,relationships,dailyverse
u_d922eca681ae,2024-05-23,45-54,m,US,en,sleep,lockscreen
u_43f0be031498,2024-05-28,55+,m,MX,es,faith,widget
u_813dd371bb7b,2024-01-17,25-34,f,US,en,relationships,dailyverse
u_4b6271781733,2024-05-16,35-44,f,MX,es,purpose,dailyverse
u_330ad569e42c,2024-04-27,13-17,f,US,en,sleep,lockscreen
u_930a4680e50c,2024-06-27,35-44,m,US,en,sleep,widget
u_9917be1f7121,2024-05-18,35-44,f,GB,en,relationships,widget
u_58c710522c04,2024-02-29,35-44,f,US,en,purpose,dailyverse
u_04f345176534,2024-05-20,35-44,f,BR,pt,grief,generic
u_de2d1d31f5ee,2024-05-03,25-34,m,US,en,sleep,dailyverse
u_c3b2792ba646,2024-05-17,18-24,m,GB,en,purpose,dailyverse
u_aa64a6a49a15,2024-01-11,45-54,m,US,en,relationships,dailyverse
u_dd16020a0275,2024-03-22,18-24,f,US,en,relationships,dailyverse
u_65d8be2b2f39,2024-04-13,18-24,f,GB,en,faith,generic
u_cc28a5ac9540,2024-06-14,35-44,f,MX,es,grief,dailyverse
u_5aaab350a118,2024-03-27,55+,f,GB,en,anxiety,lockscreen
u_1af79ec0ad74,2024-02-26,25-34,m,MX,es,faith,generic
u_bbd37f67e37f,2024-03-12,13-17,m,US,en,grief,widget
u_dff5253f1f04,2024-04-10,35-44,f,GB,en,grief,widget
u_4ea98abdf15d,2024-02-07,25-34,f,US,en,faith,generic
u_a1da01c3264f,2024-05-23,18-24,f,MX,es,purpose,lockscreen
u_0cc6650043d1,2024-04-18,18-24,m,DE,de,sleep,generic
u_0ca2153f25cc,2024-01-17,13-17,m,GB,en,relationships,generic
u_b26ef316e7cd,2024-05-25,18-24,m,MX,es,relationships,widget
u_ac0eed73d8d1,2024-05-29,35-44,f,US,en,sleep,dailyverse
u_d2050235a25b,2024-06-11,13-17,f,GB,en,relationships,generic
u_d08cfa5693cf,2024-03-11,13-17,f,US,en,grief,generic
u_0fa0b8a5c47c,2024-06-26,25-34,m,BR,pt,faith,lockscreen
u_d0cf5f514bc3,2024-02-04,18-24,m,GB,en,faith,dailyverse
u_65b52f7a8fcf,2024-03-15,45-54,m,US,en,purpose,lockscreen
u_4f6167ee9bcd,2024-03-21,25-34,f,MX,es,anxiety,dailyverse
u_8d7a704ac1b2,2024-03-13,35-44,f,US,en,faith,dailyverse
u_e3c5acbd0c90,2024-02-18,35-44,f,MX,es,anxiety,lockscreen
u_a3f234ced703,2024-06-25,18-24,f,US,en,grief,dailyverse
u_0c0d63e7399b,2024-01-31,18-24,m,US,en,purpose,widget
u_f04e71313c99,2024-06-25,13-17,m,US,en,relationships,lockscreen
u_ce30de9b8c36,2024-05-11,35-44,m,DE,de,faith,lockscreen
u_bd6f4c3b8cb1,2024-02-01,45-54,m,US,en,sleep,widget
u_b9497d11749f,2024-03-12,25-34,m,DE,de,grief,dailyverse
u_6619e0da08e9,2024-05-28,45-54,m,US,en,purpose,lockscreen
u_6f725d509fbb,2024-01-26,45-54,f,MX,es,faith,widget
u_6886bceac382,2024-03-31,35-44,m,US,en,grief,generic
u_52d1e5984496,2024-01-29,35-44,f,US,en,purpose,widget
u_fb8f5331fd2f,2024-04-08,35-44,f,MX,es,purpose,dailyverse
u_4ddb973b3997,2024-04-19,13-17,f,US,en,purpose,widget
u_7597fd16c353,2024-04-11,45-54,m,BR,pt,anxiety,generic
u_10ab76ba191a,2024-02-13,25-34,m,US,en,faith,lockscreen
u_8a2c705da586,2024-04-18,25-34,f,US,en,purpose,generic
u_bda1cc3ee70b,2024-05-04,18-24,f,GB,en,anxiety,dailyverse
u_9b302294125b,2024-01-08,55+,m,GB,en,anxiety,lockscreen
u_014d4f0a0a01,2024-03-24,25-34,m,BR,pt,anxiety,widget
u_da9ac5062dfe,2024-03-16,35-44,f,MX,es,grief,generic
u_d9a19708d2cd,2024-01-09,13-17,f,GB,en,relationships,generic
u_a22e29513dbb,2024-05-22,55+,m,US,en,relationships,dailyverse
u_efff160f6825,2024-05-25,55+,f,DE,de,relationships,generic
u_d0ffd1022ed3,2024-05-31,45-54,f,US,en,faith,generic
u_b9978f5cd070,2024-03-30,55+,f,DE,de,relationships,lockscreen
u_707d4b07ff10,2024-06-18,18-24,m,US,en,purpose,widget
u_0df1973543a1,2024-01-30,18-24,m,GB,en,grief,dailyverse
u_e09c06db0032,2024-04-17,13-17,f,BR,pt,grief,dailyverse
u_d851d4c71269,2024-01-26,13-17,m,US,en,faith,generic
u_5f947b0ed06d,2024-03-17,35-44,m,US,en,relationships,dailyverse
u_30aa5d6ddb3e,2024-02-24,25-34,m,GB,en,faith,dailyverse
u_c50190165cbf,2024-01-24,45-54,f,DE,de,faith,lockscreen
u_9a0b40178890,2024-01-20,45-54,f,US,en,relationships,dailyverse
u_349e21147be4,2024-05-11,55+,m,US,en,anxiety,generic
u_e6def932403c,2024-06-18,25-34,f,MX,es,grief,generic
u_d5fe764d1b43,2024-03-02,55+,f,MX,es,relationships,widget
u_935863d8861c,2024-04-15,25-34,m,BR,pt,faith,dailyverse
u_9faae63a7777,2024-01-08,25-34,f,US,en,relationships,widget
u_c58290ce6e7e,2024-02-10,18-24,m,US,en,faith,dailyverse
u_9ff048e0c0cc,2024-01-11,13-17,m,BR,pt,anxiety,generic
u_a9d4d4a13da5,2024-04-03,35-44,m,GB,en,sleep,lockscreen
u_92656eaa7f8c,2024-05-28,35-44,m,MX,es,sleep,dailyverse
u_170832684eb7,2024-04-09,35-44,m,DE,de,sleep,widget
u_b9f1da897c49,2024-05-30,35-44,f,MX,es,purpose,lockscreen
u_641166dcf919,2024-03-12,25-34,f,BR,pt,purpose,widget
u_eaada6532457,2024-01-09,55+,m,GB,en,faith,lockscreen
u_a67fabd542d8,2024-06-24,45-54,m,US,en,relationships,lockscreen
u_92297cb056b8,2024-03-06,13-17,m,GB,en,faith,dailyverse
u_6cdfba7656ed,2024-06-13,13-17,f,BR,pt,anxiety,generic
u_53b723cf3865,2024-03-26,13-17,m,MX,es,purpose,generic
u_be9e69809f61,2024-05-20,35-44,m,DE,de,anxiety,dailyverse
u_bfce8eb57159,2024-01-01,18-24,f,BR,pt,faith,generic
u_b46725369575,2024-06-15,45-54,f,DE,de,faith,widget
u_1531c0a0be1a,2024-05-31,25-34,m,US,en,anxiety,dailyverse
u_6e7ad7ff729e,2024-05-26,13-17,m,GB,en,grief,widget
u_5c6896394135,2024-02-20,55+,m,GB,en,anxiety,dailyverse
u_c2177b8fae94,2024-04-04,45-54,m,US,en,anxiety,widget
u_efb01905af5d,2024-06-21,13-17,m,MX,es,purpose,generic
u_ce686b860672,2024-05-06,18-24,f,US,en,sleep,generic
u_f15f89d1267c,2024-04-17,35-44,m,BR,pt,anxiety,widget
u_0afc53e57dd9,2024-04-04,13-17,m,GB,en,relationships,generic
u_799d5ccc0640,2024-04-08,55+,f,BR,pt,anxiety,generic
u_8161f425e6c8,2024-03-31,13-17,f,US,en,grief,lockscreen
u_fbab74d43f87,2024-05-23,45-54,m,US,en,faith,lockscreen
u_2f0ec7412d66,2024-01-23,55+,f,MX,es,sleep,dailyverse
u_4a56ba0626d6,2024-03-12,35-44,f,MX,es,faith,dailyverse
u_7a9c73c69bae,2024-02-12,55+,f,US,en,sleep,dailyverse
u_ca378f6ffc62,2024-02-18,13-17,m,MX,es,sleep,widget
u_886d5bc05948,2024-05-06,35-44,f,MX,es,purpose,lockscreen
u_c80111d85acd,2024-02-07,25-34,m,DE,de,sleep,lockscreen
u_e9aaa9bb0052,2024-03-10,45-54,m,MX,es,grief,widget
u_8ee7fb981d3f,2024-05-07,25-34,m,US,en,faith,lockscreen
u_fde702e06485,2024-01-28,18-24,m,BR,pt,anxiety,dailyverse
u_fa486319682d,2024-03-09,25-34,m,BR,pt,purpose,lockscreen
u_216edcd7542a,2024-05-25,18-24,m,GB,en,purpose,widget
u_e345732ff997,2024-06-03,13-17,f,MX,es,faith,generic
u_8c3c4931d187,2024-02-23,35-44,f,US,en,faith,widget
u_d22a65d9c973,2024-04-20,55+,m,US,en,faith,dailyverse
u_b3b67ad6662a,2024-04-09,25-34,f,MX,es,anxiety,generic
u_c759afee5188,2024-04-19,13-17,f,MX,es,relationships,lockscreen
u_764c3a8f8308,2024-05-14,25-34,f,GB,en,relationships,lockscreen
u_b8d1d4cce924,2024-06-24,18-24,f,GB,en,faith,dailyverse
u_a412a9c8768e,2024-05-10,35-44,m,MX,es,relationships,generic
u_0f4d44f30208,2024-01-21,13-17,f,US,en,sleep,lockscreen
u_da4bcf4bd005,2024-06-29,25-34,f,MX,es,purpose,dailyverse
u_e5fa3efef6c5,2024-02-17,18-24,m,GB,en,purpose,widget
u_e025a2ee6330,2024-01-05,35-44,m,MX,es,anxiety,lockscreen
u_ef16cbf79e93,2024-06-03,25-34,f,GB,en,purpose,generic
u_e5cddd487f1c,2024-02-02,13-17,m,US,en,anxiety,widget
u_22036042024a,2024-05-03,55+,m,US,en,relationships,widget
u_3956d7d077c8,2024-04-28,35-44,f,US,en,anxiety,widget
u_f1cd9403585f,2024-05-04,13-17,f,MX,es,grief,generic
u_39af8562a05b,2024-03-26,13-17,f,US,en,relationships,lockscreen
u_eea391a53788,2024-03-15,35-44,f,BR,pt,relationships,lockscreen
u_83dbfee64fc7,2024-05-04,55+,m,GB,en,grief,widget
u_016d4c6eb55f,2024-06-14,35-44,m,US,en,relationships,generic
u_5c00fbcf0b02,2024-02-11,55+,m,MX,es,relationships,dailyverse
u_0729704ed76f,2024-03-27,18-24,f,GB,en,purpose,generic
u_a4db544eb305,2024-04-02,18-24,m,BR,pt,faith,generic
u_0b2ccd76483e,2024-02-10,13-17,f,US,en,relationships,generic
u_cb30f4ff76eb,2024-03-07,55+,m,US,en,sleep,dailyverse
u_8c68583aa04e,2024-04-20,45-54,m,US,en,anxiety,lockscreen
u_db08a33ef6da,2024-01-12,18-24,m,DE,de,purpose,dailyverse
u_528c415ff837,2024-01-29,45-54,m,GB,en,grief,lockscreen
u_aa5b7054fa28,2024-04-02,55+,f,GB,en,purpose,widget
u_0cf220c513fb,2024-06-14,25-34,m,US,en,anxiety,dailyverse
u_f0606e11a3e9,2024-03-03,25-34,f,DE,de,grief,generic
u_b3648e11582a,2024-06-10,18-24,f,MX,es,sleep,widget
u_a316e465bc91,2024-05-12,13-17,f,GB,en,sleep,dailyverse
u_acf6df9d22e7,2024-03-27,35-44,m,US,en,relationships,dailyverse
u_d84dfe5223d8,2024-05-27,55+,f,BR,pt,relationships,lockscreen
u_e508c6d9bd98,2024-03-21,13-17,f,US,en,grief,dailyverse
u_4c0e1ae23da0,2024-05-19,55+,f,BR,pt,purpose,generic
u_4d94eb9631f7,2024-03-26,55+,m,US,en,grief,generic
u_2bd549be0132,2024-05-13,55+,m,BR,pt,anxiety,dailyverse
u_96dac1c992d0,2024-03-18,45-54,m,US,en,purpose,generic
u_ddd6aba372f9,2024-01-13,35-44,f,US,en,grief,lockscreen
u_f3bbb32e468f,2024-05-28,25-34,f,DE,de,faith,widget
u_c7019159dfd7,2024-04-06,13-17,f,US,en,grief,widget
u_74d63f086fc4,2024-04-18,13-17,m,US,en,anxiety,generic
u_0cab513aab1b,2024-06-22,45-54,f,US,en,faith,generic
u_ca734803c111,2024-05-05,18-24,m,BR,pt,grief,generic
u_07e393d5e9f4,2024-05-15,55+,m,DE,de,relationships,lockscreen
u_024885bb936d,2024-01-31,13-17,m,US,en,faith,generic
u_5b18fe08554a,2024-04-05,25-34,f,US,en,anxiety,dailyverse
u_bc609804f0ca,2024-03-19,18-24,m,US,en,purpose,dailyverse
u_27da289a4738,2024-04-16,45-54,f,GB,en,grief,generic
u_bb84eba17da5,2024-06-04,18-24,f,DE,de,relationships,widget
u_9f3cdf8acc97,2024-06-08,35-44,m,US,en,relationships,generic
u_ec7b46f53221,2024-03-12,18-24,m,MX,es,grief,lockscreen
u_d4b7a1e961c4,2024-06-13,18-24,m,BR,pt,grief,lockscreen
u_76911fd64774,2024-06-17,13-17,f,US,en,sleep,widget
u_9b8445a6167e,2024-05-16,35-44,m,MX,es,relationships,dailyverse
u_cfa3f4a42234,2024-05-15,35-44,f,MX,es,anxiety,dailyverse
u_d40780b4cc1f,2024-03-06,18-24,f,US,en,relationships,lockscreen
u_0fdd591b65f5,2024-01-15,35-44,m,US,en,faith,dailyverse
u_8f38ac0eb1e5,2024-01-31,18-24,m,GB,en,grief,lockscreen
u_f210a9ef4441,2024-01-30,13-17,f,US,en,relationships,dailyverse
u_f96b1c8b62bb,2024-01-05,45-54,m,BR,pt,sleep,dailyverse
u_012ea6599674,2024-04-24,55+,m,BR,pt,sleep,lockscreen
u_99acb9e85030,2024-04-18,13-17,m,MX,es,relationships,generic
u_440e06eb62dc,2024-01-16,25-34,f,US,en,purpose,generic
u_ab0d6769ed42,2024-05-10,13-17,m,BR,pt,purpose,dailyverse
u_768cccaa1d4b,2024-02-05,35-44,m,BR,pt,grief,dailyverse
u_8f9cce58b6d7,2024-06-11,55+,f,GB,en,faith,dailyverse
u_e8f55fd36b61,2024-06-02,13-17,m,MX,es,purpose,dailyverse
u_8e0c6fd47a71,2024-02-14,45-54,f,US,en,relationships,generic
u_490535433329,2024-01-08,55+,m,US,en,faith,generic
u_b5f7cf10427c,2024-06-27,13-17,f,US,en,faith,lockscreen
u_def009a57be9,2024-03-12,18-24,m,US,en,grief,dailyverse
u_9329bfaa794d,2024-04-02,25-34,f,GB,en,purpose,lockscreen
u_4dea9423987c,2024-04-11,25-34,f,DE,de,sleep,lockscreen
u_d0408c28c06b,2024-05-24,13-17,m,BR,pt,purpose,widget
u_5f60207df1e5,2024-05-13,18-24,m,US,en,purpose,dailyverse
u_6fc583336035,2024-01-01,55+,m,GB,en,faith,generic
u_cbc0a7355ad7,2024-04-29,25-34,m,BR,pt,purpose,generic
u_42d15c7c6bae,2024-01-02,18-24,f,MX,es,anxiety,generic
u_d2bc3c8f7716,2024-06-25,13-17,m,US,en,sleep,generic
u_a39cbdc4ebcc,2024-05-02,13-17,f,US,en,faith,generic
u_3561e5ca0cfc,2024-03-26,13-17,f,DE,de,anxiety,widget
u_5dc9cad71897,2024-01-09,25-34,m,US,en,sleep,generic
u_347a7a8ce87a,2024-04-20,13-17,m,BR,pt,grief,lockscreen
u_b9ba7df469f0,2024-04-15,45-54,m,BR,pt,relationships,widget
u_d306ada33d63,2024-03-27,35-44,f,BR,pt,grief,lockscreen
u_78f8d600fa05,2024-02-19,55+,f,US,en,faith,widget
u_08828efecd7d,2024-01-12,18-24,f,US,en,grief,lockscreen
u_75ff131892d3,2024-05-18,18-24,f,US,en,faith,widget
u_c30a9e368849,2024-06-17,13-17,m,MX,es,grief,widget
u_d762b885c40b,2024-02-21,13-17,f,US,en,sleep,widget
u_3a5154657664,2024-03-25,45-54,f,BR,pt,relationships,dailyverse
u_6003839ca75c,2024-05-06,13-17,m,GB,en,purpose,widget
u_e33e439b0318,2024-03-25,18-24,f,DE,de,sleep,generic
u_fb85535965ba,2024-05-22,18-24,f,US,en,relationships,lockscreen
u_c7d79898aef5,2024-01-08,18-24,f,US,en,sleep,widget
u_8fb9b9d0d389,2024-03-03,18-24,m,DE,de,sleep,widget
u_557334faf6a8,2024-04-07,25-34,m,BR,pt,faith,lockscreen
u_f68b181f0260,2024-05-14,55+,m,US,en,anxiety,generic
u_63ff71c0b2bc,2024-04-06,25-34,f,US,en,purpose,dailyverse
u_afe7db4755f7,2024-05-17,18-24,f,US,en,sleep,dailyverse
u_e53b24436c6e,2024-05-29,18-24,m,GB,en,relationships,generic
u_0a34c05fbbef,2024-06-14,35-44,f,US,en,sleep,dailyverse
u_396d72b682a2,2024-05-06,25-34,f,DE,de,purpose,generic
u_030dfbb8cb78,2024-02-21,18-24,f,US,en,sleep,generic
u_688f2b5eefb5,2024-04-05,45-54,m,GB,en,sleep,dailyverse
u_47bcbcc5cdfc,2024-01-11,45-54,f,US,en,relationships,generic
u_0d450ec7d05e,2024-03-10,13-17,m,MX,es,relationships,generic
u_99855ce5b184,2024-05-08,25-34,m,US,en,anxiety,lockscreen
u_cf5a87bf792c,2024-06-21,25-34,f,US,en,purpose,dailyverse
u_7413242180fe,2024-02-05,13-17,f,DE,de,faith,dailyverse
u_fda1bbfe4ad7,2024-05-28,35-44,m,MX,es,relationships,lockscreen
u_37d717cd9b20,2024-05-30,55+,f,US,en,faith,generic
u_bed753915c37,2024-06-27,18-24,f,DE,de,relationships,generic
u_e1e7f7668f4f,2024-03-19,35-44,f,GB,en,faith,lockscreen
u_bf0accdc7298,2024-06-25,25-34,m,DE,de,grief,dailyverse
u_1a0bf4b3eec6,2024-03-25,35-44,m,GB,en,relationships,generic
u_f9eb1dce5203,2024-04-25,13-17,m,US,en,anxiety,dailyverse
u_c400d231bc1b,2024-01-07,18-24,m,BR,pt,relationships,widget
u_a6e78490af96,2024-01-15,45-54,m,US,en,sleep,dailyverse
u_3c20476aed71,2024-02-03,35-44,m,GB,en,relationships,generic
u_0d491ac7cb4f,2024-04-20,18-24,f,US,en,grief,generic
u_cc5ab98c6216,2024-02-06,13-17,f,US,en,grief,generic
u_b5b6affb0c9b,2024-04-27,45-54,m,GB,en,purpose,generic
u_94002279d32f,2024-03-17,45-54,m,US,en,relationships,generic
u_4282b9e8a57c,2024-06-17,55+,m,MX,es,relationships,widget
u_f86beea05b66,2024-06-09,55+,m,US,en,purpose,dailyverse
u_e73fbbfc029a,2024-05-21,25-34,m,MX,es,anxiety,lockscreen
u_2afce83a7873,2024-02-23,35-44,m,US,en,anxiety,lockscreen
u_26d32a475b71,2024-04-12,35-44,m,US,en,anxiety,widget
u_1b6a201efece,2024-04-28,35-44,m,BR,pt,anxiety,generic
u_e0309c5b4904,2024-03-12,18-24,m,US,en,grief,widget
u_2d0360071ccd,2024-01-20,55+,f,US,en,sleep,lockscreen
u_942c63a11ce4,2024-05-16,35-44,m,GB,en,purpose,widget
u_aa6fd16363ca,2024-04-09,35-44,m,GB,en,grief,dailyverse
u_2001737654ed,2024-04-05,18-24,m,GB,en,anxiety,widget
u_b6454af1bc2b,2024-06-20,18-24,m,US,en,purpose,lockscreen
u_ed43c33bf749,2024-03-24,45-54,m,US,en,grief,dailyverse
u_1df6320eed6d,2024-02-24,25-34,f,US,en,sleep,lockscreen
u_61c0fb5be7dd,2024-02-26,55+,f,US,en,purpose,lockscreen
u_170344df0c1a,2024-06-02,13-17,m,MX,es,faith,generic
u_2213601a0f58,2024-06-22,25-34,m,BR,pt,purpose,widget
u_4fee13d890ae,2024-01-18,13-17,f,BR,pt,relationships,dailyverse
u_0e5bc961eaaf,2024-01-04,13-17,m,DE,de,faith,widget
u_35b94be71e6d,2024-02-05,35-44,f,US,en,sleep,dailyverse
u_42edd42107d5,2024-06-02,55+,f,GB,en,sleep,generic
u_59cc07e83d01,2024-04-16,13-17,m,MX,es,purpose,dailyverse
u_247911c8c8a7,2024-06-19,55+,m,GB,en,grief,widget
u_bec59a22f3ce,2024-01-17,13-17,m,BR,pt,anxiety,generic
u_c31bd140add2,2024-05-31,18-24,m,US,en,relationships,widget
u_4e4cd0acaee7,2024-02-15,25-34,f,US,en,grief,widget
u_db6b00b2a2ff,2024-01-21,35-44,f,DE,de,sleep,dailyverse
u_c584af37697f,2024-02-09,13-17,f,MX,es,relationships,generic
u_a52cb84c7436,2024-02-09,25-34,f,BR,pt,relationships,widget
u_67d7603be15b,2024-03-26,55+,f,MX,es,sleep,widget
u_964653f94cad,2024-04-05,35-44,f,MX,es,relationships,generic
u_72cd0d0cd043,2024-05-30,35-44,m,BR,pt,anxiety,lockscreen
u_1a40cdc53cbe,2024-03-06,45-54,f,MX,es,purpose,dailyverse
u_5f140a78f339,2024-03-04,35-44,m,GB,en,faith,widget
u_edd06ddc919d,2024-03-07,55+,m,BR,pt,faith,generic
u_9d639464fbeb,2024-01-30,55+,f,US,en,relationships,lockscreen
u_ef08ee3c9a4f,2024-04-18,35-44,f,GB,en,purpose,widget
u_0627a8ad6b43,2024-03-19,55+,m,US,en,anxiety,generic
u_80c8e9257d04,2024-02-23,55+,f,US,en,anxiety,generic
u_7a5ec60f4891,2024-06-27,45-54,f,US,en,purpose,generic
u_3075fa565fed,2024-02-04,35-44,m,US,en,grief,widget
u_356886a66c17,2024-01-16,18-24,f,US,en,relationships,widget
u_318405747c7f,2024-01-21,13-17,f,BR,pt,anxiety,dailyverse
u_b6ceebf644bd,2024-06-21,13-17,m,MX,es,faith,lockscreen
u_d4f57db30768,2024-01-25,45-54,m,GB,en,relationships,widget
u_3e25b8698254,2024-05-01,45-54,f,GB,en,faith,dailyverse
u_137596b2c03b,2024-04-02,35-44,m,DE,de,faith,generic
u_bb7a3bdd151e,2024-04-12,13-17,m,GB,en,grief,widget
